{
  "checkpoint_path": "artifacts/fixed_run/best.ckpt",
  "overall_acc": 0.318,
  "acc_by_L": {
    "64": 0.006172839506172839,
    "128": 0.0055248618784530384,
    "256": 1.0
  },
  "acc_by_pos_bin": {
    "0-20%": 0.3188405797101449,
    "20-40%": 0.2616822429906542,
    "40-60%": 0.3113207547169811,
    "60-80%": 0.3917525773195876,
    "80-100%": 0.31213872832369943
  },
  "total_samples": 1000
}