{
  "checkpoint_path": "artifacts/run1/best.ckpt",
  "overall_acc": 0.321,
  "acc_by_L": {
    "64": 0.012345679012345678,
    "128": 0.008287292817679558,
    "256": 1.0
  },
  "acc_by_pos_bin": {
    "0-20%": 0.3285024154589372,
    "20-40%": 0.2616822429906542,
    "40-60%": 0.3113207547169811,
    "60-80%": 0.3917525773195876,
    "80-100%": 0.3179190751445087
  },
  "total_samples": 1000
}