{
  "checkpoint_path": "artifacts/run1/best.ckpt",
  "overall_acc": 0.013,
  "acc_by_L": {
    "64": 0.024691358024691357,
    "128": 0.011049723756906077,
    "256": 0.0031847133757961785
  },
  "acc_by_pos_bin": {
    "0-20%": 0.043478260869565216,
    "20-40%": 0.0,
    "40-60%": 0.0,
    "60-80%": 0.0,
    "80-100%": 0.023121387283236993
  },
  "total_samples": 1000
}